PLATFORM,SEARCH_TERM,TITLE,ORIGINAL_CURRENCY,ORIGINAL_PRICE,PRICE_USD,URL
Amazon JP,ワイヤレスメカニカルキーボード,Amazon おすすめ ワイヤレス メカニカルキーボード用 e元素ゲーミングキーボード82キー シルバーウッド軸のメカニカル式キーボード Bluetoothと2.4GワイヤlessとUSB有線の3つモード接続 銀軸を採用アンチゴーストキー RGBバックライト付き iOS/Android/Mac/Windows対応の仕事/ゲーム用のワイヤレスキーボード（ホワイト+グレー+ブラック）,UNKNOWN,,,https://www.amazon.co.jp/dp/B0DQXL7KZG
Amazon JP,ワイヤレスメカニカルキーボード,RK ROYAL KLUDGE RK61 ワイヤレスメカニカルキーボード、60% トリプルモード BT5.0/2.4G/USB-C コンパクトゲーミングキーボード,UNKNOWN,,,https://www.amazon.co.jp/dp/B0GQH7BM3Y
Amazon JP,ワイヤレスメカニカルキーボード,EPOMAKER TH87 JIS 日本語配列 TKL ワイヤレスゲーミングキーボード,UNKNOWN,,,https://www.amazon.co.jp/dp/B0G4LTQRRH
Amazon JP,ワイヤレスメカニカルキーボード,MAGIC-REFINER x ZIYOU LANG Bluetoothワイヤレス ゲーミングキーボード,UNKNOWN,,,https://www.amazon.co.jp/dp/B0BHZ72LDL
Amazon JP,ワイヤレスメカニカルキーボード,EPOMAKER TH108 JIS 日本語配列 フルサイズワイヤレスゲーミングキーボード,UNKNOWN,,,https://www.amazon.co.jp/dp/B0F9PGCVW1
Amazon JP,ワイヤレスメカニカルキーボード,Merdia メカニカルキーボード Type-c有線接続 2.4G,UNKNOWN,,,https://www.amazon.co.jp/dp/B0CGZW9QH2
Amazon JP,ワイヤレスメカニカルキーボード,MAMBASNAKE×ATTACKSHARK X66 ゲーミングキーボード,UNKNOWN,,,https://www.amazon.co.jp/dp/B0DPSBLG5L
Amazon JP,ワイヤレスメカニカルキーボード,【国内正規品】AOC GK330 ゲーミングキーボード,UNKNOWN,,,https://www.amazon.co.jp/dp/B0G42JCT1B
Amazon JP,ワイヤレスメカニカルキーボード,ロジクール POP KEYS K730PL メカニカル ワイヤレス キーボード,UNKNOWN,,,https://www.amazon.co.jp/dp/B09JYT4KQM
Amazon JP,ワイヤレスメカニカルキーボード,Dierya DK63 ワイヤレスゲーミングメカニカルキーボード,UNKNOWN,,,https://www.amazon.co.jp/dp/B0DSZWLCKJ
Amazon JP,ワイヤレスメカニカルキーボード,MAMBASNAKE × ATTACK SHARK X98PRO ゲーミングキーボード,UNKNOWN,,,https://www.amazon.co.jp/dp/B0F2T4GG9Z
Amazon JP,ワイヤレスメカニカルキーボード,MAGIC-REFINER x ZIYOU LANG Bluetoothワイヤレス ゲーミングキーボード,UNKNOWN,,,https://www.amazon.co.jp/dp/B0BHZ7JWSS
Amazon JP,ワイヤレスメカニカルキーボード,ZIYOULANG x FREEWOLF M75 ワイヤレス ゲーミングキーボード,UNKNOWN,,,https://www.amazon.co.jp/dp/B0FM3GBWKX
Amazon JP,ワイヤレスメカニカルキーボード,エレコム メカニカルキーボード Leggero 有線,UNKNOWN,,,https://www.amazon.co.jp/dp/B095C2FD3Y
Amazon JP,ワイヤレスメカニカルキーボード,YUNZII C75 ワイヤレス,UNKNOWN,,,https://www.amazon.co.jp/dp/B0FLX6H62
Amazon JP,ワイヤレスメカニカルキーボード,EPOMAKER EK21 VIA ガスケット,UNKNOWN,,,https://www.amazon.co.jp/dp/B0FD3FQZHN
Amazon JP,ワイヤレスメカニカルキーボード,Flow Lite 84キーロープロファイルメカニカルキーボード,UNKNOWN,,,https://www.amazon.co.jp/dp/B0DP2W7BRF
Amazon JP,ワイヤレスメカニカルキーボード,YUNZII X98 QMK/VIA対応 ワイヤレス,UNKNOWN,,,https://www.amazon.co.jp/dp/B0FC6CMFXH
Amazon JP,ワイヤレスメカニカルキーボード,RK ROYAL KLUDGE M87 ワイヤレスゲーミングキーボード｜日本語配列｜LCDスクリーン＆デュアルノブ搭載｜75%サイズ・ガスケットマウント構造｜2.4G/Bluetooth/USB-C接続｜7500mAhバッテリー・RGBバックライト｜ホットスワップ対応クリームスイッチ｜レッド,UNKNOWN,,,https://www.amazon.co.jp/dp/B0D3LNKQ3W
Amazon JP,ワイヤレスメカニカルキーボード,エレコム ワイヤレスキーボード Bluetooth 静音 TK-FFBM03SKBK 最大3台マルチペアリング対応 抗菌 iPad/macbook/Surface/Chromebook テンキー付,UNKNOWN,,,https://www.amazon.co.jp/dp/B09MQ9KK6P
Amazon JP,ワイヤレスメカニカルキーボード,YUNZII B87 ワイヤレスメカニカルキーボード ゲーミングキーボード BT5.0/2.4G/USB-C NKRO QMK/VIAソフトウェアカスタム MOAキーキャップ,UNKNOWN,,,https://www.amazon.co.jp/dp/B0F21FTP4H
Amazon JP,ワイヤレスメカニカルキーボード,Dierya DK68 ワイヤレス ゲーミングキーボード-2.4G/Bluetooth/USB-C接続 60%配列,UNKNOWN,,,https://www.amazon.co.jp/dp/B0FF4HP4VR
Amazon JP,ワイヤレスメカニカルキーボード,HUO JI CQ082 ワイヤレス ゲーミングキーボード,UNKNOWN,,,https://www.amazon.co.jp/dp/B0DZXJJW3Y
Amazon JP,ワイヤレスメカニカルキーボード,e元素 Z-68 ワイヤレス メカニカル キーボード,UNKNOWN,,,https://www.amazon.co.jp/dp/B0G48JJPFZ
Amazon JP,ワイヤレスメカニカルキーボード,Womier DK98pro ゲーミングキーボード ワイヤレス,UNKNOWN,,,https://www.amazon.co.jp/dp/B0GV73GNTM
Amazon JP,ワイヤレスメカニカルキーボード,Razer Pro Type Ultra JP ゲーミカルキーボード ワイヤレス,UNKNOWN,,,https://www.amazon.co.jp/dp/B09LYQFGV9
Amazon JP,ワイヤレスメカニカルキーボード,タイプライター型レトロメカニカルキーボード Bluetooth5.0 LEDバックライト,UNKNOWN,,,https://www.amazon.co.jp/dp/B0GY3VP88H
Amazon JP,ワイヤレスメカニカルキーボード,ZIYOU LANG K8 ゲーミングキーボード ワイヤレス,UNKNOWN,,,https://www.amazon.co.jp/dp/B0CMGNQLZF
Amazon JP,ワイヤレスメカニカルキーボード,MAGIC-REFINERメカニカルキーボード、ワイヤレスBluetooth5.0/2.4Ghz/TYPE-C有線,THB,42.0,1.25,https://www.amazon.co.jp/dp/B0CMH1TMSD
Amazon JP,ワイヤレスメカニカルキーボード,RK ROYAL KLUDGE S98 JP メカニカルキーボード、スマートディスプレイとボタン付き,THB,3319.46,99.18,https://www.amazon.co.jp/dp/B0FZT8TFRP
Amazon JP,ワイヤレスメカニカルキーボード,Womier M98 ワイヤレスメカニカルキーボード、96％レイアウト,THB,2614.03,78.11,https://www.amazon.co.jp/dp/B0GZZCKP9J
Amazon JP,ゲーミングメカニカルキーボード,Logicool G ラピッドトリガー PRO X TKL RAPID ゲーミングキーボード,UNKNOWN,,,https://www.amazon.co.jp/dp/B0D9VVL9DY
Amazon JP,ゲーミングメカニカルキーボード,Merdia メカニカル式ゲーミングキーボード 全104キー,UNKNOWN,,,https://www.amazon.co.jp/dp/B0BC8N9XHY
Amazon JP,ゲーミングメカニカルキーボード,e元素ゲーミングキーボード 81キー アンチゴーストキー メカニカル式,UNKNOWN,,,https://www.amazon.co.jp/dp/B07CM63BBC
Amazon JP,ゲーミングメカニカルキーボード,RK ROYAL KLUDGE R65 ゲーミングキーボード テンキーレス,UNKNOWN,,,https://www.amazon.co.jp/dp/B0CNP1BG1W
Amazon JP,ゲーミングメカニカルキーボード,e元素ゲーマー向けメカニカル式キーボード (青軸・ホワイト),UNKNOWN,,,https://www.amazon.co.jp/dp/B0833MQHYY
Amazon JP,ゲーミングメカニカルキーボード,Merdia メカニカル式ゲーミングキーボード 全104キー US配列,UNKNOWN,,,https://www.amazon.co.jp/dp/B08T19B1FC
Amazon JP,ゲーミングメカニカルキーボード,エレコム V-custom VK300S RGB テンキーレス ゲーミングキーボード,UNKNOWN,,,https://www.amazon.co.jp/dp/B0BB5GZ69J
Amazon JP,ゲーミングメカニカルキーボード,AOC GK330 ワイヤレスゲーマー向けメカニカルキーボード,UNKNOWN,,,https://www.amazon.co.jp/dp/B0FN73GNTM
Amazon JP,ゲーミングメカニカルキーボード,[RK ROYAL KLUDGE] R98 Pro ゲーミングキーボード 日本語配列,UNKNOWN,,,https://www.amazon.co.jp/dp/B0GS4YXJBV
Amazon JP,ゲーミングメカニカルキーボード,[RK ROYAL KLUDGE] R75 メカニカルキーボード 日本語配列,UNKNOWN,,,https://www.amazon.co.jp/dp/B0CJ2LXNFN
Amazon JP,ゲーミングメカニカルキーボード,[EPOMAKER x Aula] F75 ゲーミングキーボード メカニカル,UNKNOWN,,,https://www.amazon.co.jp/dp/B0D3F69XSP
Amazon JP,ゲーミングメカニカルキーボード,[PHILIPS]ゲーマー向けメカニカルキーボード (グレー),UNKNOWN,,,https://www.amazon.co.jp/dp/B0H4GG4HSH
Amazon JP,ゲーミングメカニカルキーボード,【WOBKEY Rainy 75キーボード】雨音のような打鍵音 メカニカルキーボード,THB,5751.33,171.85,https://www.amazon.co.jp/dp/B0G25BX7XQ
Amazon JP,ゲーミングメカニカルキーボード,SmackApe Impact 80 メカニカルキーボード,THB,52.0,1.55,https://www.amazon.co.jp/dp/B0FCLVSZ15
Amazon JP,ゲーミングメカニカルキーボード,Redragon K580 VATA RGB LEDバックライト付きメカニカルゲーミングキーボード｜マクロキー＆専用メディアコントロール付き,THB,1970.85,58.89,https://www.amazon.co.jp/dp/B07G11G2X8
Amazon JP,ゲーミングメカニカルキーボード,DIERYA ゲーミングキーボード 赤軸 Mini テンキー付き,THB,1201.31,35.89,https://www.amazon.co.jp/dp/B0GS8DGWBQ
Amazon JP,ゲーミングメカニカルキーボード,ロジクール K835GPR メカニカルキーボード 赤軸,THB,1711.7,51.14,https://www.amazon.co.jp/dp/B08M38N6X7
Amazon JP,ゲーミングメカニカルキーボード,【Amazon.co.jp限定】TURTLE BEACH ラピッドトリガー 搭載 ゲーミングキーボード Vulcan II TKL Pro,THB,3485.45,104.14,https://www.amazon.co.jp/dp/B097BW662Y
Amazon JP,ゲーミングメカニカルキーボード,Redragon K630 有線 RGB ゲーミングキーボード、シルバースイッチ,UNKNOWN,,,https://www.amazon.co.jp/dp/B0FJFJ1R4T
Amazon JP,ゲーミングメカニカルキーボード,YUNZII X71 メカニカルゲーミングキーボード 透明キーキャップ,THB,3423.2,102.28,https://www.amazon.co.jp/dp/B0CN3GH63C
Amazon JP,ゲーミングメカニカルキーボード,Abucow 65％メカニカルゲーミングキーボード 青軸,THB,1098.42,32.82,https://www.amazon.co.jp/dp/B0F6N59G7K
Amazon JP,ゲーミングメカニカルキーボード,Redragon K556 RGB LEDバックライト付き有線メカニカルゲーミングキーボード,THB,367.13,10.97,https://www.amazon.co.jp/dp/B01NAI2TXC
Amazon JP,ゲーミングメカニカルキーボード,iClever ゲーミングキーボード テンキーレス 赤軸,THB,689.7,20.61,https://www.amazon.co.jp/dp/B0CPLRF6GP
Amazon JP,メンブレンメカニカルキーボード,ZIYOU LANG x FREEWOLF M75 ワイヤレス ゲーミングキーボード スマートディスプレイ&ノブ付き BT/2.4Ghz デュアルモード PBT グラデーションキーキャップ レインボーバックライト TKL 82キー メンブレンキーボード メカニカルな感触 ゲーム/オフィス用（ブラック）,THB,45.0,1.34,https://www.amazon.co.jp/dp/B0F6CR6KDF
Amazon JP,メンブレンメカニカルキーボード,Perixx(ペリックス) PERIBOARD-106WJP キーボード,THB,8.0,0.24,https://www.amazon.co.jp/dp/B01B1H03AC
Amazon JP,メンブレンメカニカルキーボード,iClever ゲーミングキーボード 赤軸 メカニカル,THB,3.0,0.09,https://www.amazon.co.jp/dp/B0D65TH8PY
Amazon JP,メンブレンメカニカルキーボード,Logicool G ゲーミングキーボード G413SE,THB,972.2,29.05,https://www.amazon.co.jp/dp/B0B5ZF1X9G
Amazon JP,メンブレンメカニカルキーボード,エレコム キーボード ブラック TK-FCM104XBK,THB,6.0,0.18,https://www.amazon.co.jp/dp/B07NDLYFBZ
Amazon JP,メンブレンメカニカルキーボード,エレコム ワイヤレスキーボード,THB,269.0,8.04,https://www.amazon.co.jp/dp/B07PJW2X2F
Amazon JP,メンブレンメカニカルキーボード,MAMBASNAKE×AJAZZ AK680,THB,541.3,16.17,https://www.amazon.co.jp/dp/B0CZKSYK1L
Amazon JP,メンブレンメカニカルキーボード,e元素メカニカルキーボード61キー,THB,758.24,22.66,https://www.amazon.co.jp/dp/B0BNQ1JZMM
Amazon JP,メンブレンメカニカルキーボード,Logicool G ゲーミングキーボード G512r-TC,THB,974.8,29.13,https://www.amazon.co.jp/dp/B0842XB51D
Amazon JP,メンブレンメカニカルキーボード,Razer レイザー Ornata V3 X JP ゲーミングキーボード,THB,769.8,23.0,https://www.amazon.co.jp/dp/B0BL276B6S
Amazon JP,メンブレンメカニカルキーボード,e元素ゲーミングキーボード 赤軸81キー アンチゴースト ゲーム用,UNKNOWN,,,https://www.amazon.co.jp/dp/B07CKX2B8D
Amazon JP,メンブレンメカニカルキーボード,エレコム プレミアムメンブレンキーボード TK-FCM094HBK,UNKNOWN,,,https://www.amazon.co.jp/dp/B075DDPZ97
Amazon JP,メンブレンメカニカルキーボード,エレコム メンブレンキーボード TK-FCM108XBK,UNKNOWN,,,https://www.amazon.co.jp/dp/B07PGLVQRK
Amazon JP,メンブレンメカニカルキーボード,Perixx PERIBOARD-106WUS キーボード メンブレン,UNKNOWN,,,https://www.amazon.co.jp/dp/B01BFCBNEI
Amazon JP,メンブレンメカニカルキーボード,Merdia ティアドロップゲーミングキーボード 茶軸,UNKNOWN,,,https://www.amazon.co.jp/dp/B08JTLYHMG
Amazon JP,メンブレンメカニカルキーボード,エレコム V-custom VK210C ゲーミングキーボード テンキー,UNKNOWN,,,https://www.amazon.co.jp/dp/B0BB632Z49
Amazon JP,メンブレンメカニカルキーボード,ゲーミングキーボード、RGBバックライト付き 60%,UNKNOWN,,,https://www.amazon.co.jp/dp/B0D1PFC8PN
Amazon JP,メンブレンメカニカルキーボード,e元素 ワイヤレスメカニカルゲーミングキーボード,UNKNOWN,,,https://www.amazon.co.jp/dp/B0H155G6PG
Amazon JP,メンブレンメカニカルキーボード,ロジクール G ゲーミングキーボード G213 パームレスト,UNKNOWN,,,https://www.amazon.co.jp/dp/B01LYI06RT
Amazon JP,メンブレンメカニカルキーボード,エレコム Bluetoothワイヤレスフルサイズキーボード TK-FBM120KBK/EC,UNKNOWN,,,https://www.amazon.co.jp/dp/B08TMK8GSC
Amazon JP,メンブレンメカニカルキーボード,ATTACK SHARK x FREE WOLF M96 ゲーミングキーボード ワイヤレス,UNKNOWN,,,https://www.amazon.co.jp/dp/B0D2HD7P1K
Amazon JP,メンブレンメカニカルキーボード,GMJ GM-KB-BKメカニカルキーボード JIS日本語配列,UNKNOWN,,,https://www.amazon.co.jp/dp/B0H4Q3TKP9
Amazon JP,メンブレンメカニカルキーボード,[ARMA]エレコム V-custom ARMA メカニカルキーボード,UNKNOWN,,,https://www.amazon.co.jp/dp/B07Y3GMYYD
Amazon JP,メンブレンメカニカルキーボード,RK ROYAL KLUDGE X104 フルサイズメカニカルキーボード、有線クリーミーゲーミングキーボード（テンキーとノブ付き）,THB,30.0,0.9,https://www.amazon.co.jp/dp/B0GL2FG2WW
Amazon JP,メカニカルキーボード,Razer Tartarus V2 左手デバイス,UNKNOWN,,,https://www.amazon.co.jp/dp/B077T9391Z
